PartNumber,BrandAAIAID
HP004X,BBHK
HP005X,BBHK
HP007X,BBHK
HP008X,BBHK
HP020X,BBHK
HP021X,BBHK
HP022X,BBHK
HP032X,BBHK
0986437106,BBHK
0986437303,BBHK
0986437304,BBHK
0986437307,BBHK
0986437308,BBHK
0986437332,BBHK
0986437333,BBHK
0986437334,BBHK
0986437341,BBHK
0986437363,BBHK
0986437370,BBHK
0986437374,BBHK
0986437421,BBHK
0986437422,BBHK
0986437441,BBHK
0986437503,BBHK
0986437504,BBHK
0986437506,BBHK
0986437507,BBHK
0986437508,BBHK
0986437468,BBHK
0445010834,BBHK
0445020101,BBHK
0445010649,BBHK
0445010851,BBHK
0445020235,BBHK
0445020017,BBHK
0445020030,BBHK
0445020122,BBHK
0445020516,BBHK
0445020151,BBHK
0445010858,BBHK
0445010859,BBHK
0986435053,BBHK
0986435109,BBHK
0986435127,BBHK
0986435128,BBHK
0986435190,BBHK
0986435251,BBHK
0986435254,BBHK
0986435355,BBHK
0986435359,BBHK
0986435398,BBHK
0986435404,BBHK
0986435409,BBHK
0986435410,BBHK
0986435415,BBHK
0986435433,BBHK
0986435503,BBHK
0986435504,BBHK
0986435505,BBHK
0986435518,BBHK
0986435519,BBHK
0986435520,BBHK
0986435521,BBHK
0986435522,BBHK
0986435530,BBHK
0986435539,BBHK
0986435545,BBHK
0986435548,BBHK
0986435549,BBHK
0986435551,BBHK
0986435552,BBHK
0986435573,BBHK
0986435574,BBHK
0986435577,BBHK
0986435578,BBHK
0986435598,BBHK
0986435621,BBHK
0986435624,BBHK
0986435642,BBHK
0986435646,BBHK
0986435647,BBHK
0986435655,BBHK
0986435663,BBHK
0986435673,BBHK
F00RL00129,BBHK
F00R001205,BBHK
F00R001505,BBHK
F00R001512,BBHK
F00RL01027,BBHK
F00RL00591,BBHK
0445214270,BBHK
0445216043,BBHK
0445216050,BBHK
0445218015,BBHK
0445218017,BBHK
0445226014,BBHK
0445226135,BBHK
0445226167,BBHK
0986445103,BBHK
0986441027,BBHK
0986445008,BBHK
RB5235575,BBHK
0986445011,BBHK
0986445021,BBHK
RB5235695,BBHK
RB5234970,BBHK
0986441028,BBHK
RB5236962,BBHK
RB5236978,BBHK
RB5237820,BBHK
RB5237821,BBHK
0414703003,BBHK
762348-5011S,BDZW
769210-5003S,BDZW
712371-5089S,BDZW
712401-5001S,BDZW
712402-5055S,BDZW
735574-5019S,BDZW
757105-5036S,BDZW
449530-5006S,BDZW
762348-5012S,BDZW
465960-5015S,BDZW
714788-5001S,BDZW
714792-5002S,BDZW
758204-9007S,BDZW
758204-5007S,BDZW
768440-5015S,BDZW
751361-5001S,BDZW
830724-5007S,BDZW
700716-5018S,BDZW
758204-9006S,BDZW
712402-5007S,BDZW
795787-5016S,BDZW
712371-5016S,BDZW
751400-5001S,BDZW
757105-5035S,BDZW
727264-5001W,BDZW
409770-5019S,BDZW
466334-5004S,BDZW
804240-5001S,BDZW
409250-5002S,BDZW
466608-5002S,BDZW
743250-5025S,BDZW
848212-5001S,BDZW
725390-5006S,BDZW
851824-5001S,BDZW
848212-5002S,BDZW
854572-5001S,BDZW
743250-5024S,BDZW
888142-5001S,BDZW
888143-5001S,BDZW
848212-9001S,BDZW
781504-5013S,BDZW
765155-5008S,BDZW
778445-5002S,BDZW
821719-5004S,BDZW
857260-5001S,BDZW
855563-5001S,BDZW
721021-5008S,BDZW
855562-5001S,BDZW
827053-5001S,BDZW
855563-5002S,BDZW
772441-5002S,BDZW
773540-5001S,BDZW
739619-5004S,BDZW
898199-5001W,BDZW
881028-5002S,BDZW
777469-5002S,BDZW
886976-5004S,BDZW
773542-5001S,BDZW
881027-5002S,BDZW
886195-5001S,BDZW
777318-5003W,BDZW
736088-5006S,BDZW
777318-5002W,BDZW
466646-5019S,BDZW
751851-5004S,BDZW
465366-5018S,BDZW
407370-5009S,BDZW
466176-5001S,BDZW
734852-5009S,BDZW
EX551001,BBMX
EX630781,BBMX
EX630955,BBMX
EX630956,BBMX
EX630957,BBMX
EX630958,BBMX
EX630967,BBMX
EX630968,BBMX
EX631003,BBMX
EX631007,BBMX
EX631015,BBMX
EX631016,BBMX
EX631017,BBMX
EX631018,BBMX
EX631028,BBMX
EX631029,BBMX
EX631030,BBMX
EX631074,BBMX
EX631078,BBMX
EX631079,BBMX
EX631084,BBMX
EX631085,BBMX
EX631086,BBMX
EX631087,BBMX
EX631088,BBMX
EX631089,BBMX
EX631133,BBMX
EX631134,BBMX
EX631145,BBMX
EX631155,BBMX
EX631158,BBMX
EX631273,BBMX
EX631262,BBMX
EX631753,BBMX
EX631756,BBMX
EX631760,BBMX
EX631761,BBMX
EX631763,BBMX
EX631766,BBMX
EX631767,BBMX
EX632542,BBMX
EX632977,BBMX
EX634761,BBMX
EX634434,BBMX
EX634762,BBMX
EX634763,BBMX
EX634888,BBMX
EX635575,BBMX
EX635919,BBMX
EX635695,BBMX
EX636977,BBMX
EX636978,BBMX
EX637557,BBMX
EX637560,BBMX
EX637821,BBMX
EX63800AA,BBMX
EX63701AB,BBMX
EX63803AD,BBMX
EX63804AE,BBMX
EX638665,BBMX
EX639349,BBMX
EX836101,BBMX
EX836100,BBMX
EX639350,BBMX
EX850000,BBMX
EX850001,BBMX
EX850002,BBMX
67,JWTR
75,JWTR
88,JWTR
98,JWTR
2128,JWTR
2162R,JWTR
2598PE,JWTR
4114,JWTR
4575,JWTR
US7123H,JWTR
16002,JWTR
16016002W,JWTR
1600067W,JWTR
1600072W,JWTR
1600722W,JWTR
1602128W,JWTR
160222W,JWTR
10R7054,JWTR
10R8897,JWTR
10R8899,JWTR
HP004X,JWTR
HP005X,JWTR
HP008X,JWTR
HP020X,JWTR
HP022X,JWTR
HP032X,JWTR
FORD67C,BBHK
FORD67B,BBHK
FORD67A,BBHK
FORD67D,BBHK
AP60901,CLVL
0986435410,BBHK
AP63803AD,CLVL
-IPVR15X,JWTR
-IPVR16X,JWTR
-IPVR17X,JWTR
-IPVR19X,JWTR
0986435503,BBHK
0445120177,BBHK
0986437441,BBHK
0986435621,BBHK
AP64920,CLVL
AP54820,CLVL
AP66955,CLVL
0986435646,BBHK
0986435504,BBHK
0986435539,BBHK
0432193635,BBHK
AP63903AD,CLVL
0445124019,BBHK
7430022DEL,JWTR
7430021DEL,JWTR
GA101N,BFCM
GA102,BFCM
GA103,BFCM
GA104N,BFCM
GA110N,BFCM
GA201N,BFCM
GA202N,BFCM
GA301,BFCM
GA320N,BFCM
GA601FXN,BFCM
GA602FXN,BFCM
GA604N,BFCM
GA605N,BFCM
GA610N,BFCM
GA612N,BFCM
0986435109,ZZZZ
0986435504,ZZZZ
0986435518,ZZZZ
0986435573,ZZZZ
0986437106,ZZZZ
0986437303,ZZZZ
0986437304,ZZZZ
0986437308,ZZZZ
0986437333,ZZZZ
0986437334,ZZZZ
0986437341,ZZZZ
0986437370,ZZZZ
0986437422,ZZZZ
0986435564,ZZZZ
0986437310,ZZZZ
0986437441,ZZZZ
7358-PP,HNZR
7357-PP,HNZR
8650-PP,HNZR
8651-PP,HNZR
8652-PP,HNZR
8654-PP,HNZR
8657-PP,HNZR
8664-PP,HNZR
8665-PP,HNZR
8673-PP,HNZR
8677-PP,HNZR
9905-PP,HNZR
EGR088RM,JWTR
EGR312RM,JWTR
4359548RM,JWTR
EGR540XD,JWTR
EGR692RM,JWTR
EGR887RM,JWTR
28317158,JWTR
28337917,JWTR
0445120177,JWTR
0986435415,JWTR
0986435433,JWTR
0986435505,JWTR
0986435518,JWTR
0986435520,JWTR
0986435574,JWTR
0986435521,JWTR
06237,JWTR
06445,JWTR
0986444517,JWTR
DB2431JT3982,JWTR
3348F010,JWTR
294050-0014,JWTR
294000-1202,JWTR
294000-0265,JWTR
0460424422,JWTR
0460424056,JWTR
0460424496,JWTR
104135-4100,JWTR
DB4821,JWTR
640002,JWTR
590006,JWTR
904500S,JWTR
FP4374,JWTR
660011,JWTR
MS641,FLHQ
91-29-5106,WIL
91-01-4779,WIL
90-01-4725N,WIL
90-01-4725,WIL
90-01-4576N,WIL
91-29-5138,WIL
90-15-6390,WIL
10461454,BBBN
19020310,BBBN
8600310,BBBN
MS641,FLHQ
33-1001,MSC
101211-8140,FHHC
TG228000-8420,BBNF
TG228080-7371,BBNF
210-0643,FHHC
MG148,FLHQ
MG314,FLHQ
0001230013,BBHK
212-0101,BBNF
212-0110,BBNF
212-0111,BBNF
282-0110,BBNF
282-0108,BBNF
282-0110,BBNF
0001230013,BBHK
SR8574X,BBHK
SR0469N,BBHK
SR0473N,BBHK
F042002149,BBHK
1986A00014,BBHK
0124625068,BBHK
1986A00751,BBHK
8200330,BBBN
1986A00015,BBHK
AL9963SB,BBHK
AL9962SB,BBHK
AL0791X,BBHK
AL0798N,BBHK
AL0791N,BBHK
AL8730X,BBHK
AL6487X,BBHK
282-0111,BBNF
212-0102,BBNF
282-0206,BBNF
282-0205,BBNF
282-0204,BBNF
282-0202,BBNF
282-0117,BBNF
282-0116,BBNF
282-0115,BBNF
282-0112,BBNF
282-0110,BBNF
282-0201,BBNF
282-0102,BBNF
282-0101,BBNF
2881702RX,CBXQ
168824,MSC
3802290RX,CBXQ
474840,BCVQ
38022880RX,CBXQ
479030,BCVQ
AP80050,CLVL
AP80054,CLVL
3802882RX,CBXQ
AP80057,CLVL
3802946RX,CBXQ
5327360RX,CBXQ
AP80058,CLVL
1480,JWTR
5327360RX,CBXQ
5458386RX,CBXQ
3844,JWTR
4720,JWTR
8211,JWTR
9748,JWTR
3592767H,JGHG
3795961HX,JGHG
5325950HX,JGHG
5326057HX,JGHG
5326058HX,JGHG
5499741HX,JGHG
D92080677R,OET
D92080689R,OET
F31CAD-S0182BN,BFCM
172743,BCVQ
172743BW,JWTR
F58VED-S0026BN,CLVL
014TC25002100,FLHQ
098TC25606000,FLHQ
TC24557000,285
170-070-2981,BCVQ
1012006,DGBV
1012016,DGBV
1013004,DGBV
1013008,DGBV
1013012,DGBV
1013013,DGBV
1014003,DGBV
1015006,DGBV
1015007,DGBV
1017004,DGBV
1017005,DGBV
1017006,DGBV
1018006,DGBV
1018009,DGBV
1099007,DGBV
1099020,DGBV
1099021,DGBV
1099022,DGBV
1099047,DGBV
1099051,DGBV
1099063,DGBV
1099070,DGBV
1099092,DGBV
1099064,DGBV
1099159,DGBV
1013011,DGBV
1013011,DGBV
1113002,DGBV
1113003,DGBV
1115001,DGBV
1115003,DGBV
1117003,DGBV
1199001,DGBV
1199003,DGBV
1099312,DGBV
1099321,DGBV
1099094,DGBV
1199006,DGBV
1199007,DGBV
1199009,DGBV
1199020,DGBV
1299001,DGBV
1299008,DGBV
1299023,DGBV
1313002,DGBV
1313008,DGBV
1380001,DGBV
1380002,DGBV
1380004,DGBV
1380005,DGBV
1380006,DGBV
1380007,DGBV
1399005,DGBV
1399008,DGBV
1401107,DGBV
1401108,DGBV
1401115,DGBV
1401120,DGBV
1401122,DGBV
1401126,DGBV
1401127,DGBV
1401133,DGBV
1401201,DGBV
1401339,DGBV
1401340,DGBV
1401346,DGBV
1401347,DGBV
1401356,DGBV
1401359,DGBV
1401362,DGBV
1401373,DGBV
1401379,DGBV
1401380,DGBV
1401390,DGBV
1401396,DGBV
1401397,DGBV
1401399,DGBV
1401404,DGBV
1401405,DGBV
1401406,DGBV
1401413,DGBV
1401414,DGBV
1401415,DGBV
1401416,DGBV
1401426,DGBV
1401427,DGBV
1401428,DGBV
1401437,DGBV
1401438,DGBV
1401445,DGBV
1401438,DGBV
1401520,DGBV
1401531,DGBV
1402002,DGBV
1403121,DGBV
1403119,DGBV
1403168,DGBV
1410002,DGBV
1410003,DGBV
1412010,DGBV
1410007,DGBV
1410010,DGBV
1410011,DGBV
1410013,DGBV
1410014,DGBV
1410016,DGBV
1410019,DGBV
1410021,DGBV
1410022,DGBV
1410023,DGBV
1410025,DGBV
1410027,DGBV
1410028,DGBV
1410042,DGBV
1410064,DGBV
1410070,DGBV
1410080,DGBV
1410102,DGBV
1411001,DGBV
1411002,DGBV
1411009,DGBV
1411016,DGBV
1411013,DGBV
CO-2393CA,GXTN
1412009,DGBV
SD0010NEW,14-
1412013,DGBV
471-0555,BBNF
471-3432,FHHC
471-3442,FHHC
471-3452,FHHC
999-0101,FHHC
1812002,DGBV
1812011,DGBV
1812013,DGBV
1812016,DGBV
1813007,DGBV
1812020,DGBV
1812005,DGBV
1812007,DGBV
1818006,DGBV
1812010,DGBV
1812008,DGBV
1813013,DGBV
1814006,DGBV
1814008,DGBV
1814004,DGBV
1813014,DGBV
1813008,DGBV
1817004,DGBV
1817008,DGBV
1817007,DGBV
1817010,DGBV
1815001,DGBV
1818006,DGBV
1818007,DGBV
1899022,DGBV
1818008,DGBV
1899038,DGBV
1899022,DGBV
1899003,DGBV
1899002,DGBV
1899044,DGBV
1899045,DGBV
1899046,DGBV
1910002,DGBV
1899058,DGBV
1899064,DGBV
1911009,DGBV
1912015,DGBV
1912024,DGBV
1912025,DGBV
1912026,DGBV
1912027,DGBV
1912028,DGBV
1912030,DGBV
1913012,DGBV
1913014,DGBV
1913016,DGBV
1913017,DGBV
1914006,DGBV
1914011,DGBV
1914013,DGBV
1914014,DGBV
1914015,DGBV
1914016,DGBV
1915004,DGBV
1915008,DGBV
1915005,DGBV
1812016,DGBV
1915010,DGBV
1918001,DGBV
1918004,DGBV
1917004,DGBV
1917009,DGBV
1917010,DGBV
1918008,DGBV
1999225,DGBV
1999223,DGBV
1999016,DGBV
1999228,DGBV
1999234,DGBV
2012006,DGBV
2012007,DGBV
2017002,DGBV
2017001,DGBV
2015003,DGBV
2013003,DGBV
2099002,DGBV
2099003,DGBV
2099004,DGBV
2099016,DGBV
2099013,DGBV
2017003,DGBV
2099019,DGBV
2099023,DGBV
2099028,DGBV
2112008,DGBV
2113011,DGBV
2113016,DGBV
2114001,DGBV
2114002,DGBV
2199005,DGBV
2199008,DGBV
2199027,DGBV
2199067,DGBV
2212002,DGBV
2212004,DGBV
2212005,DGBV
2213007,DGBV
2213013,DGBV
2213014,DGBV
2214002,DGBV
2214003,DGBV
2214006,DGBV
2217002,DGBV
2217003,DGBV
2299101,DGBV
2299005,DGBV
2312001,DGBV
2312002,DGBV
2312003,DGBV
2318002,DGBV
2399001,DGBV
2399003,DGBV
2399004,DGBV
2399005,DGBV
2399009,DGBV
2399023,DGBV
2412005,DGBV
2414010,DGBV
2414011,DGBV
2499078,DGBV
2499110,DGBV
2499111,DGBV
2499120,DGBV
2660004,DGBV
2660006,DGBV
2660018,DGBV
2660019,DGBV
2660020,DGBV
2660037,DGBV
2660039,DGBV
2660060,DGBV
2660061,DGBV
2660064,DGBV
2660065,DGBV
2660040,DGBV
2660043,DGBV
2660045,DGBV
2660047,DGBV
2660066,DGBV
2660070,DGBV
2660071,DGBV
2660074,DGBV
2660075,DGBV
2712004,DGBV
2712005,DGBV
2712006,DGBV
2712007,DGBV
2799200,DGBV
2799202,DGBV
2799211,DGBV
2799212,DGBV
2799237,DGBV
2799238,DGBV
3099007,DGBV
3112001,DGBV
3112005,DGBV
3112006,DGBV
3112007,DGBV
3112009,DGBV
3112010,DGBV
3112012,DGBV
3113004,DGBV
1441002,DGBV
3114001,DGBV
3117001,DGBV
3117002,DGBV
3118003,DGBV
3114003,DGBV
3199021,DGBV
3199030,DGBV
3199034,DGBV
4399131,DGBV
1441002,DGBV
1299032,DGBV
ARD-1035,GXTN
CO-2030CA,GXTN
CO-2077CA,GXTN
CO-2172CA,GXTN
CO-3109CA,GXTN
CO-2184CA,GXTN
CO-3114CA,GXTN
CO-2462CA,GXTN
CO-2319CA,GXTN
CO-2461CA,GXTN
CO-1062CA,GXTN
CO-2312CA,GXTN
CO-2337CA,GXTN
CO-6212CA,GXTN
CO-3109CA,GXTN
CO-3102CA,GXTN
F-1023,CGGR
CO-6155CA,GXTN
CO-6297CA,GXTN
CO-6291CA,GXTN
CO-1062CA,GXTN
1441001,DGBV
EXV-1092,GXTN
EXV-1014,GXTN
EXV-1102,GXTN
10021526,BBBN
87422777R,MSC
993293,DWBX
994348,DWBX
9908504,DWBX
Q995568,DWBX
Q995575,DWBX
Q995582,DWBX
Q995617,DWBX
Q995669,DWBX
100-7531,GGGV
100-7532,GGGV
100-7533,GGGV
100-7534,GGGV
150-2505,GGGV
200-8793,GGGV
230-4201,GGGV
230-6301,GGGV
230-4202,GGGV
247-4202,GGGV
247-4203,GGGV
247-4205,GGGV
250-4202,GGGV
250-4204,GGGV
247-6303,GGGV
147-2503,GGGV
238-4201,GGGV
250-4206,GGGV
250-4301,GGGV
250-6303,GGGV
250-4205,GGGV
147-2502,GGGV
150-2504,GGGV
90K-39159B,BBSC
90K-39159,BBSC
90K-38702HD,BBSC
38667K3,BBSC
38667K1,BBSC
91002,BBSC
91002-4,BBSC
91143,BBSC
CO34833,BBSC
CO34908,BBSC
45006,BBSC
FB1012,BBSC
90K-38501HDA,BBSC
90K-38501HDD,BBSC
90K-38503HD,BBSC
90K-38556HDB,BBSC
90K-38569HD,BBSC
90K-38587HD,BBSC
90K-38587HDA,BBSC
90K-38587HDD,BBSC
90K-38610HDA,BBSC
90K-38633HDB,BBSC
90K-38610HDC,BBSC
90K-38610HD,BBSC
90K-38671HD,BBSC
90K-38671HDA,BBSC
90K-38671HDB,BBSC
90K-39051,BBSC
90K-39052,BBSC
90K-39153,BBSC
90K-39153A,BBSC
46001HD,BBSC
46002HD,BBSC
46003HD,BBSC
90K-38667HDA,BBSC
90K38667HDD,BBSC
90K-38667HDB,BBSC
90K-38667HDE,BBSC
90K-38158,BBSC
90K-38158A,BBSC
45054HD,BBSC
90K-38158C,BBSC
90K-38159,BBSC
90K-38285,BBSC
90K-38501HD,BBSC
43526,BBSC
43545HD,BBSC
44042,BBSC
44052HD,BBSC
44056,BBSC
45052HD,BBSC
44062HD,BBSC
42133,BBSC
42283,BBSC
42291,BBSC
43445HD,BBSC
42349,BBSC
42355HD,BBSC
42349BH,BBSC
43327BH,BBSC
43010,BBSC
43273,BBSC
43240HD,BBSC
43324,BBSC
43325HD,BBSC
38517,BBSC
38532,BBSC
38535,BBSC
38556,BBSC
38610,BBSC
38633,BBSC
38629,BBSC
38667,BBSC
38671,BBSC
38702,BBSC
39051,BBSC
38620,BBSC
39052,BBSC
39153,BBSC
39159,BBSC
39242,BBSC
41162,BBSC
41176HD,BBSC
41176HD,BBSC
41185,BBSC
41507E,BBSC
42241HD,BBSC
36225,BBSC
36230,BBSC
36239,BBSC
36310,BBSC
36324,BBSC
36351,BBSC
36354,BBSC
36492,BBSC
36742,BBSC
36770,BBSC
36776,BBSC
33747S,BBSC
38103,BBSC
38158,BBSC
38159,BBSC
38172,BBSC
38191,BBSC
38274,BBSC
38257,BBSC
38285,BBSC
38321,BBSC
38501,BBSC
38503,BBSC
38516,BBSC
38556,BBSC
34854,BBSC
33058,BBSC
33299,BBSC
33579,BBSC
33909,BBSC
33946,BBSC
33947,BBSC
33956,BBSC
33959,BBSC
33957,BBSC
33958,BBSC
33962,BBSC
33966,BBSC
33747S,BBSC
34149,BBSC
34212,BBSC
34148,BBSC
34240,BBSC
33578,BBSC
34308,BBSC
36091,BBSC
36094,BBSC
36177,BBSC
36200,BBSC
31286,BBSC
N43205,JWTR
N47404,JWTR
N47413,JWTR
N47414,JWTR
N47418,JWTR
N47420,JWTR
N47421,JWTR
N69204,JWTR
N83201,JWTR
N83202,JWTR
N65201,JWTR
N65202,JWTR
N65203,JWTR
N65261,JWTR
N43201,JWTR
N43202,JWTR
N43204,JWTR
N47202,JWTR
N47205,JWTR
N47407,JWTR
N47210,JWTR
N61202,JWTR
N61203,JWTR
N61204,JWTR
N65208,JWTR
N65207,JWTR
N47412,JWTR
1004-1021,DKHD
1004-1022,DKHD
1004-1025,DKHD
1001-1004,DKHD
1002-1005,DKHD
1003-1057,DKHD
1003-1059,DKHD
1003-1060,DKHD
270-1048,DKHD
65175,DWRT
65214,DWRT
68168,DWRT
090-936CD,DWRT
46831,DWRT
300-149,DWRT
96109,DWRT
599-5103,DWRT
599-5002,DWRT
603-5107,DWRT
615-202,DWRT
603-5211,DWRT
904-138,DWRT
603-5402,DWRT
603-5502,DWRT
679-005,DWRT
603-5510,DWRT
904-6009,DWRT
615-203,DWRT
904-249,DWRT
603-5101,DWRT
674-7029,DWRT
904-5056,DWRT
603-5206,DWRT
904-5031,DWRT
620-5601,DWRT
901-5202,DWRT
761-5202,DWRT
625-212,DWRT
901-5203,DWRT
904-5013,DWRT
888-5207,DWRT
888-5208,DWRT
902-2068,DWRT
615-201,DWRT
904-109,DWRT
902-5403,DWRT
902-5201,DWRT
904-136,DWRT
904-120,DWRT
904-229,DWRT
904-231,DWRT
904-7509,DWRT
904-293,DWRT
904-232,DWRT
904-346,DWRT
904-407,DWRT
904-137,DWRT
888-5518,DWRT
904-413,DWRT
904-415,DWRT
904-463,DWRT
904-479,DWRT
904-500,DWRT
603-217,DWRT
904-5004,DWRT
904-5052,DWRT
904-7029,DWRT
904-5555,DWRT
924-5401,DWRT
904-201,DWRT
902-1004,DWRT
904-7902,DWRT
904-7903,DWRT
904-7904,DWRT
904-7909,DWRT
924-5205,DWRT
978-5101,DWRT
978-5501,DWRT
938-5403,DWRT
888-5509,DWRT
904-256,DWRT
888-5510,DWRT
645-607,DWRT
904-5020,DWRT
015TP21004000,FLHQ
2243451WR020,FLHQ
S42262,FLHQ
41909.020,FLHQ
CB1413P,FLHQ
JV5060,FLHQ
JV1700,FLHQ
67857,FLHQ
GS33703,FLHQ
GS33504,FLHQ
6012092,FLHQ
801-700,DWRT
90004,BDZH
RE70143,BDZH
FP-3901173,BDZH
THD788D,FLHQ
TX21187,FLHQ
CB1869P,FLHQ
286TS20118000,FLHQ
SS47537,FLHQ
GS33693,FLHQ
GS33954,FLHQ
GS33691,FLHQ
MS1718P,FLHQ
SH1986,FLHQ
SH994S,FLHQ
2243523WR040,FLHQ
2243709WR020,FLHQ
2243709,FLHQ
2243673,FLHQ
2253331CX,FLHQ
TW696S,FLHQ
TW717S,FLHQ
S42170,FLHQ
2243672020,FLHQ
1090-09650-01,BBBN
10020791,BBBN
10021314,BBBN
286TC14015000,FLHQ
10020755,BBBN
1090-09750-01,BBBN
GS33678,FLHQ
48383,FLHQ
1033-40600-01,BBBN
GS33692,FLHQ
1033-40600-02,BBBN
KX46910KIT,FLHQ
5473296RX,CBXQ
5496045HX,CBXQ
10021530,BBBN
3046207,CBXQ
3411767,CBXQ
1033-07781-01,BBBN
5523951,CBXQ
4033253H,JGHG
3942581RX,CBXQ
1033-07782-01,BBBN
4903472PX,CBXQ
5579405PX,CBXQ
4326869RX,CBXQ
3929039,CBXQ
5263262NX,CBXQ
5263308PX,CBXQ
5263318PX,CBXQ
3990517RX,CBXQ
3054250PX,CBXQ
A064S965,CBXQ
2871862,CBXQ
4032772HX,JGHG
4999610,CBXQ
3283054,CBXQ
4307475,CBXQ
3800984,CBXQ
5473331,CBXQ
3921644,CBXQ
3927063,CBXQ
3937555,CBXQ
3975126,CBXQ
5283479,CBXQ
4034114H,JGHG
3991168,CBXQ
4089544,CBXQ
4955481,CBXQ
3904630,CBXQ
3017993,CBXQ
5305254NX,CBXQ
5255204,CBXQ
5347703,CBXQ
4896409,CBXQ
5621364,CBXQ
6382091HX,JGHG
4384373RX,CBXQ
2897334NX,CBXQ
3001837,CBXQ
3076491,CBXQ
2872468,CBXQ
3800616,CBXQ
3802748RX,CBXQ
3804899,CBXQ
3864178,CBXQ
3408705,CBXQ
3920711,CBXQ
3931523,CBXQ
5272959,CBXQ
3959798,CBXQ
5406093,CBXQ
3802338,CBXQ
5291050,CBXQ
3934486,CBXQ
3944205RX,CBXQ
4921728,CBXQ
4983253,CBXQ
5259499,CBXQ
5292744,CBXQ
5338295,CBXQ
5406102,CBXQ
141427,BFQT
141428,BFQT
111502,BFQT
702302-0002,BDZW
131401,BFQT
136115,BFQT
136006,BFQT
136018,BFQT
131453,BFQT
331280,BFQT
131529,BFQT
ESP-3509,BFQT
621230,BFQT
636020,BFQT
FP-8929102,BDZH
FP-23522279,BDZH
FP-23516322,BDZH
FP-23522269,BDZH
10R0963R,PRO
631017R,PRO
0R8469R,PRO
3056342R,PRO
5237466R,PRO
10R1259R,PRO
M-7C3095,JKMF
M-7E5213,JKMF
R-0R3420,JKMF
M-9S3068,JKMF
MCB6CEXPK,JKMF
MCB6BEXPK,JKMF
M-BM27253,JKMF
M-4089405,JKMF
5237466R,PRO
M-3800328,JKMF
M-3801826,JKMF
M-3801106,JKMF
M-3804303,JKMF
M-3802077,JKMF
M-3913990,JKMF
M-3804500,JKMF
M-3918175,JKMF
A-23506735,JKMF
A-23515581,JKMF
A-23522269,JKMF
A-23531604,JKMF
A-8929710,JKMF
M-1003652,JKMF
M-150288,JKMF
M-1818598C1,JKMF
M-1817687,JKMF
M-1830669C92,JKMF
M-1W311,JKMF
M-1W312,JKMF
M-1W8922,JKMF
M-203670,JKMF
M-2W8265,JKMF
M-3016760,JKMF
3958112,CBXQ
R-3047978,JKMF
R-3054249,JKMF
R-5199734,JKMF
R-3054231,JKMF
R-5226312,JKMF
R-5226338,JKMF
R-5226392,JKMF
R-5226474,JKMF
R-5226434,JKMF
R-5226422,JKMF
R-5226495,JKMF
R-0R3419,JKMF
R-5228378,JKMF
R-5228530,JKMF
R-5228770,JKMF
R-5228484,JKMF
R-5228773,JKMF
R-5229216,JKMF
R-3054219,JKMF
R-4062569,JKMF
R-5229598,JKMF
R-5229657,JKMF
R-3047973,JKMF
R-10R0963,JKMF
MCB46620,JKMF
MCB46600,JKMF
MCB62120,JKMF
MCB6N7527,JKMF
MCB69120,JKMF
MCB73120,JKMF
R-3016676,JKMF
R-3084108,JKMF
MCB10035S,JKMF
M-6V1788,JKMF
MCB3406B,JKMF
MCB3406BPM,JKMF
M-6N3723,JKMF
A-5108120,JKMF
MCB1W3010,JKMF
MCB41006/32,JKMF
MCB46610,JKMF
M-2410825,JKMF
MCB3300SC,JKMF
MCB3300SCE,JKMF
MCB3300SCL,JKMF
MCB3300SLOHS,JKMF
M-6N1133,JKMF
MCB3208-OH,JKMF
MCB3208-OHS,JKMF
MCB1002OH-S,JKMF
MCB10030,JKMF
MCB1002OH-S,JKMF
MCB1003OH-1,JKMF
MCB1003OH-S,JKMF
M-7X2522,JKMF
M-8N3088,JKMF
M-7W5929,JKMF
M-8N5403,JKMF
M-8T2470,JKMF
M-8N7005,JKMF
M-9N2064,JKMF
M-6N3723,JKMF
M-6V9882,JKMF
M-6V4770,JKMF
M-6V241,JKMF
M-6V8977,JKMF
M-8N3946,JKMF
M-7E6011RK,JKMF
M-7139-159B,JKMF
M-7W182,JKMF
M-7E3986,JKMF
M-4N4997,JKMF
M-4P9830,JKMF
M-4W7019,JKMF
M-506651-2-3,JKMF
M-506791,JKMF
M-3950661,JKMF
M-3937111,JKMF
M-3936317,JKMF
M-4024808,JKMF
M-4024809,JKMF
M-4937308,JKMF
M-4939587,JKMF
M-4089258,JKMF
M-4N4320,JKMF
M-4089671,JKMF
M-4988801,JKMF
MCBISX005,JKMF
TI,JKMF
